{
	"schemaVersion": 1,
	"id": "project_zero_limit",
	"version": "${version}",
	"name": "Project Zero Limit",
	"description": "This is an example description! Tell everyone what your mod is about!",
	"authors": [
		"Me!"
	],
	"contact": {
		"homepage": "https://fabricmc.net/",
		"sources": "https://github.com/FabricMC/fabric-example-mod"
	},
	"license": "CC0-1.0",
	"icon": "assets/project_zero_limit/icon.png",
	"environment": "*",
	"entrypoints": {
		"main": [
			"com.cl1ppz12.projectzerolimit.ProjectZeroLimit"
		],
		"fabric-datagen": [
			"com.cl1ppz12.projectzerolimit.ProjectZeroLimitDataGenerator"
		]
	},
	"mixins": [
		"project_zero_limit.mixins.json"
	],
	"depends": {
		"fabricloader": ">=0.16.14",
		"minecraft": "~1.21.5",
		"java": ">=21",
		"fabric-api": "*"
	},
	"suggests": {
		"another-mod": "*"
	}
}